2316204,Alien: Covenant,2017-05-19,2018-03-29 08:33:08.713495,Twentieth Century Fox,TSG Entertainment,Scott Free Productions,Brandywine Productions
1469304,Baywatch,2017-05-25,2018-03-29 08:33:13.860471,Paramount Pictures,Uncharted,Shanghai Film Group,Huahua Media,Flynn Picture Company,Fremantle Productions,"Montecito Picture Company, The",Seven Bucks Productions,Skydance Media
1790809,Pirates of the Caribbean: Dead Men Tell No Tales,2017-05-26,2018-03-29 08:33:16.013056,Walt Disney Pictures,Jerry Bruckheimer Films,Infinitum Nihil
5001718,"Everything, Everything",2017-05-19,2018-03-29 08:33:17.759681,Alloy Entertainment,Itaca Films,Metro-Goldwyn-Mayer (MGM)
2334871,Snatched,2017-05-12,2018-03-29 08:33:20.569418,Chernin Entertainment,Feigco Entertainment,Twentieth Century Fox
3229488,Boone: The Bounty Hunter,2017-05-09,2018-03-29 08:33:25.106167,Hoplite Entertainment,Killion Street
4758646,War Machine,2017-05-26,2018-03-29 08:33:28.641067,Netflix,Plan B Entertainment
4218696,The Wall,2017-05-18,2018-03-29 08:33:35.128261,Amazon Studios,Big Indie Pictures,Picrow
6367558,Double Lover,2017-05-26,2018-03-29 08:33:37.517747,Mandarin Films,FOZ,Mars Films,Films Distribution,France 2 Cinéma,Scope Pictures,Canal+,Ciné+,France Télévisions,A Plus Image 7
6003368,Diary of a Wimpy Kid: The Long Haul,2017-05-19,2018-03-29 08:33:43.747646,Twentieth Century Fox,TSG Entertainment,Base Camp ATl.,Color Force
2090465,Black Butterfly,2017-05-26,2018-03-29 08:33:45.338144,Ambi Pictures,Battleplan Productions,Compadre Entertainment,Notorious Pictures,Paradox Studios
5776208,Resident Evil: Vendetta,2017-05-27,2018-03-29 08:33:51.877302,Capcom Company,Marza Animation Planet
2957760,Extortion,2017-05-17,2018-03-29 08:33:53.272120,Del Rey Films,Filmmuse Productions,Producer Capital Fund
6788942,Bad Genius,2017-05-03,2018-03-29 08:33:56.288519,GDH 559,Jorkwang Films
5809020,Handsome: A Netflix Mystery Movie,2017-05-05,2018-03-29 08:33:56.792064,Baral Waley Productions,JZM Films
5764096,Hindi Medium,2017-05-19,2018-03-29 08:34:00.852202,Maddock Films
6548966,Gekijôban Fairy Tail: Dragon Cry,2017-05-06,2018-03-29 08:34:07.562207,A-1 Pictures,Fairy Tale DC Production Committee for Theater Version
6574146,Blame!,2017-05-20,2018-03-29 08:34:11.229457,King Records,"Klockworx, The",Kôdansha,Netflix,Polygon Pictures
4738174,Bon Cop Bad Cop 2,2017-05-12,2018-03-29 08:34:13.177975,Item 7,Jessie Films
3582020,Jawbone,2017-05-12,2018-03-29 08:34:14.267742,Emu Films,Revolution Films
6452332,Yoake tsugeru Rû no uta,2017-05-19,2018-03-29 08:34:15.909435,Science Saru,TOHO animation
3837842,Birds Like Us,2017-05-05,2018-03-29 08:34:20.964509,Prime Time,Turkish Radio & Television (TRT),Autonomous,Fork Films
5843838,Max 2: White House Hero,2017-05-12,2018-03-29 08:34:21.594461,Metro-Goldwyn-Mayer (MGM)
6165792,Hikari,2017-05-27,2018-03-29 08:34:22.282035,Comme des Cinémas,Kino Films,Kumie,MK2 Productions
4818168,Mamaboy,2017-05-23,2018-03-29 08:34:27.003220,My Hero Productions
5375434,Sicilian Ghost Story,2017-05-18,2018-03-29 08:34:29.472489,Cristaldi Pictures,Indigo Film,MACT Productions,JPG Films,Ventura Film,RSI-Radiotelevisione Svizzera,SRG - SSR,Rai Cinema,Ministero per i Beni e le Attività Culturali (MiBAC),Centre National de la Cinématographie (CNC),Fonds Eurimages du Conseil de l'Europe,MEDIA Programme of the European Union,Regione Siciliana,Sicilia Film Commission,Sensi Contemporanei Cinema e Audiovisivo,Sundance Feature Film Program,CNC Aide aux cinémas du monde - Institut Français
5474042,Half Girlfriend,2017-05-19,2018-03-29 08:34:30.283600,ALT Entertainment,Balaji Motion Pictures
6355580,Claw,2017-05-25,2018-03-29 08:34:31.314263,Sterling Entertainment
5222578,3 ting,2017-05-18,2018-03-29 08:34:32.233667,Profile Pictures
3534294,Entanglement,2017-05-19,2018-03-29 08:34:34.041443,Goodbye Productions
5667516,Black Site Delta,2017-05-05,2018-03-29 08:34:37.072783,Benattar/Thomas Productions,Base Film Productions
6765756,Foxtrot,2017-05,2018-03-29 08:34:39.812318
5742874,Sarkar 3,2017-05-12,2018-03-29 08:34:40.864418,AB Corp Ltd.,Alumbra Entertainment,Company
5540194,Interlude in Prague,2017-05-25,2018-03-29 08:34:41.752092,Stillking Films
5078656,Champion,2017-05-19,2018-03-29 08:34:43.556664,Brannon Pictures
5228262,A Happening of Monumental Proportions,2017-05-05,2018-03-29 08:34:44.384023,Albyn Media,Depth of Field
6269060,México Bárbaro II,2017-05-27,2018-03-29 08:34:47.966068,Grotesque,IMAGYX Entertainment,LSD Audio,La Palma de Oro Films
6516590,Cold Zone,2017-05-16,2018-03-29 08:34:48.799296,MarVista Entertainment
6306400,Fortunata,2017-05-20,2018-03-29 08:34:52.723238,HT Film,Indigo Film
2039380,Star Raiders: The Adventures of Saber Raine,2017-05-08,2018-03-29 08:34:54.934636,Fusion Factory Films
6644286,Space Babes from Outer Space,2017-05-20,2018-03-29 08:34:56.258411,Bandit Motion Pictures
4334642,Bonded by Blood 2,2017-05-22,2018-03-29 08:34:57.427896,Evolution Pictures,Hereford Films,Richwater Films
4447090,Instant Death,2017-05-02,2018-03-29 08:34:58.584258,Raging Pictures
5814408,A Witches' Ball,2017-05-06,2018-03-29 08:34:59.303639,Ronin Entertainment,Witches Ball Productions
6359962,Giantess Attack,2017-05,2018-03-29 08:35:00.060141
3511928,Gholam,2017-05-25,2018-03-29 08:35:00.732636,Aimimage Productions,Sonatine Films
7392060,Steelmanville Road,2017-05-04,2018-03-29 08:35:01.573534
5495040,Don't Tell,2017-05-18,2018-03-29 08:35:04.325542,ForniIlo Road,Fornillo Road
4881430,Strip Club Massacre,2017-05-02,2018-03-29 08:35:11.233182,Reel Bloody Films,Top Ticket Productions
5472374,Meri Pyaari Bindu,2017-05-12,2018-03-29 08:35:12.046835,Yash Raj Films
5929226,Cuori puri,2017-05-24,2018-03-29 08:35:13.104643,Young Films
6374204,The Killing Pact,2017-05-26,2018-03-29 08:35:15.077320,Silver Peak Productions,Mainstay Productions
5152606,Illicit,2017-05,2018-03-29 08:35:16.284220,New Breed Entertainment
2926924,Another You,2017-05-15,2018-03-29 08:35:17.285670,Pennsport Media,Sawhorse Productions
6777370,The Merciless,2017-05-18,2018-03-29 08:35:18.288804,CJ Entertainment,Pollux Barunson
6426714,Critical Eleven,2017-05-10,2018-03-29 08:35:22.666292,Kharisma Starvision Plus PT,Legacy Pictures
5224790,Bypass,2017-05-12,2018-03-29 08:35:25.492833,Media Village Productions
6882872,Lahoriye,2017-05-12,2018-03-29 08:35:26.404181,Amberdeep Productions,Rhythm Boyz
2268018,Neron,2017-05-23,2018-03-29 08:35:27.715723,Applied Art Productions,Cinedigm Entertainment Group
6155922,Perdidos,2017-05-18,2018-03-29 08:35:28.786321,Master Dream Digital Movie,Stopline Films
6846510,National Theatre Live: Obsession,2017-05-11,2018-03-29 08:35:29.352595,Barbican Centre
5512160,Utsukushii hoshi,2017-05-26,2018-03-29 08:35:32.270418,Asahi Shimbun,GAGA,Gunpowder Co.,J Storm,Licri,Nippon Shuppan Hanbai (Nippan) K.K.
6809030,4N1K,2017-05-12,2018-03-29 08:35:35.228374,Fabrika Yapim
5593416,Pîchi gâru,2017-05-20,2018-03-29 08:35:37.650466,Office Crescendo
6013186,Charlotte,2017-05-01,2018-03-29 08:35:38.422638
6185674,Rarandoi Veduka Chudham,2017-05-25,2018-03-29 08:35:39.424789,Annapurna Studios
5704704,American Exorcism,2017-05-02,2018-03-29 08:35:41.081138,AZ Film Studios,Marquis Productions,Thriller Films
5801026,Edge of Innocence,2017-05-27,2018-03-29 08:35:48.979526,Desen International Media
3822630,High Low Forty,2017-05-26,2018-03-29 08:35:51.400308
5796516,Problemos,2017-05-10,2018-03-29 08:35:56.010563,Albertine Productions,France 2 Cinéma,StudioCanal,Auvergne Rhône-Alpes Cinéma,Canal+,France Télévisions,Orange Cinéma Séries,Région Auvergne-Rhône-Alpes,Centre National de la Cinématographie (CNC)
6900380,Duk gai,2017-05-18,2018-03-29 08:35:57.781043,Golden Gate Production,Sil-Metropole Organisation
2520046,Madraza,2017-05-25,2018-03-29 08:35:58.933058,Kozen Films,Aeroplano Cine
6247708,Achayans,2017-05-19,2018-03-29 08:36:01.115153,DNVP Creations
6339230,Deadly Expose,2017-05-01,2018-03-29 08:36:03.166073,Cartel Pictures,The Cartel
4497978,Ice Breaker,2017-05-01,2018-03-29 08:36:06.843287
6278008,Bolshoy,2017-05-11,2018-03-29 08:36:07.554565,Marmot-film,Telekanal Rossiya,Valery Todorovsky Production Company
5925772,CIA: Comrade in America,2017-05-19,2018-03-29 08:36:08.742018,Amal Neerad Productions
6789386,Posto,2017-05-12,2018-03-29 08:36:09.608379,Windows Production House
6704014,Babu Baga Busy,2017-05-05,2018-03-29 08:36:10.464210,Abhishek Pictures
3699104,Wine Wars,2017-05-19,2018-03-29 08:36:11.731502,Paciwood Music and Entertainment Corporation
6847354,Luck at First Sight,2017-05-03,2018-03-29 08:36:12.619743,Viva Films,N2
7370018,The Adulterers,2017-05,2018-03-29 08:36:13.649939
6855200,Perfect Plan,2017-05-26,2018-03-29 08:36:14.594138,Nashik Risers Film Production
6642396,Jattu Engineer,2017-05-19,2018-03-29 08:36:15.883870,Hakikat Entertainment
6051052,You Mean The World To Me,2017-05-04,2018-03-29 08:36:16.772237
7002100,Coco,2017-05-31,2018-03-29 08:36:17.651241
6342396,Keshava,2017-05-19,2018-03-29 08:36:21.603392,Abhishek Pictures
5570606,Muzaffarnagar 2013,2017-05-26,2018-03-29 08:36:22.494721,Morna Entertainment
5544754,12 Pound Balls,2017-05-16,2018-03-29 08:36:24.405425,Nordic Tundra Entertainment
5633450,"Nowhere, Michigan",2017-05-04,2018-03-29 08:36:25.351613,BVB Films
6369298,Arjan,2017-05-05,2018-03-29 08:36:26.497413
6797204,Mei hao de yi wai,2017-05-26,2018-03-29 08:36:27.573240,Huayi Brothers & Taihe Film Investment
5798330,Two Steps from Hope,2017-05-20,2018-03-29 08:36:28.623604,Gaffer Media
3165264,Altered Perception,2017-05-09,2018-03-29 08:36:29.737775,Artigo Indie,Blancbiehn Productions,Small Red Star Productions
6196598,Do You See Me,2017-05-20,2018-03-29 08:36:30.522336,Global Genesis Group
5797820,Real: O Plano por Trás da História,2017-05-25,2018-03-29 08:36:31.713772,Lighthouse,Maristela Filmes
3146520,The Hills,2017-05-15,2018-03-29 08:36:33.025086,CoCo Ceven Productions,"MSJ Productions, Film & Music",Stix Productions
5848862,Sacrilege,2017-05-02,2018-03-29 08:36:33.697037
7479314,The Tooth and the Nail,2017-05-09,2018-03-29 08:36:34.556865
6763794,Thondan,2017-05-26,2018-03-29 08:36:35.657769,Naadodigal Productions,Vasundara Devi Cine Films
6645704,Mariel espera,2017-05-11,2018-03-29 08:36:36.806646,WAP
6077176,Sipur Ahava Eretz-Israeli,2017-05-25,2018-03-29 08:36:37.920276,Hameragel Haboded Films,Israel Film Fund
6574246,Eski Sevgili,2017-05-05,2018-03-29 08:36:38.943505,Bpn Istanbul,Play Plus Medya,Play Plus Yapim
5157616,2016,2017-05-05,2018-03-29 08:36:40.846482,ScreenMagic Films,MAN JR Productions
4338138,Those Left Behind,2017-05-13,2018-03-29 08:36:41.906846,FilmArts Productions,Nut Bucket Films
7668424,Idi Maa Prema Katha,2017-05-21,2018-03-29 08:36:42.572796
6846530,National Theatre Live: Edward Albee's Who's Afraid of Virginia Woolf?,2017-05-18,2018-03-29 08:36:43.390290
4117326,O Rastro,2017-05-18,2018-03-29 08:36:44.466701,Lupa Filmes
6870028,Our Mighty Yaya,2017-05-10,2018-03-29 08:36:45.219184,Regal Films,Regal Multimedia
5922578,Chotto imakara shigoto yametekuru,2017-05-27,2018-03-29 08:36:50.054947,Cine Bazar,Kadokawa
4313982,The Evangelist,2017-05-09,2018-03-29 08:36:51.193257,ShutUp Louie Productions,Baffled Entertainment,Beach Point Productions,Diamond Jesus Productions
6450794,Se Busca Novio... Para Mi Mujer,2017-05-04,2018-03-29 08:36:52.165400,Chile Films,Patagonik Film Group,Picardia Films
5678732,Breaking Point,2017-05-11,2018-03-29 08:36:53.231890,Cliffside Productions,Media Max Plus,Victor Film Productions
4876096,Avenues,2017-05-06,2018-03-29 08:36:54.388656,Bow and Arrow Entertainment,Jadedbaby
4319430,Billy the Kid: Showdown in Lincoln County,2017-05-01,2018-03-29 08:36:55.557071,Forbesfilm
6138680,Radha,2017-05-12,2018-03-29 08:36:56.469572,ODU Movies,Sri Venkateswara Cine Chitra
6081632,Marie-Francine,2017-05-31,2018-03-29 08:36:57.135724,Rectangle Productions,TF1 Films Production,Gaumont,De L'Huile,Scope Pictures,Canal+,Ciné+,TF1,TMC,Cofinova Développement 2,Cinémage 10 Développement
6876356,Saravanan Irukka Bayamaen,2017-05-11,2018-03-29 08:36:58.023425
6295110,Wine Tasting,2017-05-04,2018-03-29 08:36:59.037157,Eros Panhellenios,Wickid Pissa Films
6926436,Bangara s/o Bangarada Manushya,2017-05-19,2018-03-29 08:37:00.202821
2943024,Porobashinee,2017-05-05,2018-03-29 08:37:01.015784
3968088,"Sophie Gold, the Diary of a Gold Digger",2017-05,2018-03-29 08:37:03.588623,Creative Talent Bureau
6950250,Potato Potahto,2017-05-24,2018-03-29 08:37:04.734330,19 April Entertainment,Ascend Studios,Lufodo Productions,Virgo Sun,WB Entertainment
3773210,Jonny's Sweet Revenge,2017-05-23,2018-03-29 08:37:05.946152,Buffalo Speedway Film Company,Sweetbreadstudios
6848094,The Sheriff in Town,2017-05-03,2018-03-29 08:37:06.736497
6792764,Ali Kathawa,2017-05-18,2018-03-29 08:37:07.794886,Sipvin Production House
3919234,By Any Name,2017-05-05,2018-03-29 08:37:08.808219,Tanabi Films
5447136,Adventures of Omanakuttan,2017-05-19,2018-03-29 08:37:10.076866,4M Entertainments
2914760,Malibu Road,2017-05-05,2018-03-29 08:37:11.082157,Malibu Road Pictures
6899050,Dear Other Self,2017-05-26,2018-03-29 08:37:11.907206,Star Cinema Productions
6169720,Boichek,2017-05-16,2018-03-29 08:37:12.924962,CinePlay Digital
7831444,Boys on Film 16: Possession,2017-05-29,2018-03-29 08:37:14.914466,Peccadillo Pictures
6889680,Vedham,2017-05-12,2018-03-29 08:37:16.850561,Samson Creations
4695016,Thodi Thodi Si Manmaaniyan,2017-05-26,2018-03-29 08:37:17.900859,Jumping Tomato Marketing Pvt. Ltd.,NH 8 Productions
5947364,Gwiazdy,2017-05-12,2018-03-29 08:37:18.968440,Film Point Group
5777312,The Latin Dream,2017-05-28,2018-03-29 08:37:19.740653,Anerica Srl
6750888,Saab Bahadar,2017-05-26,2018-03-29 08:37:20.647275,White Hill Production,Zee Studios
5111490,Una gita a Roma,2017-05-04,2018-03-29 08:37:21.795888
6807472,Jimmy the Saint,2017-05-03,2018-03-29 08:37:22.370183,Notorious Possum,Stanley Street Films
6771678,Karsandas Pay and Use,2017-05-19,2018-03-29 08:37:23.082944,Belvedere Film
6869782,I peggiori,2017-05-18,2018-03-29 08:37:24.164561
5658296,Sperm Whale: Roya's Selection,2017-05-10,2018-03-29 08:37:26.172193,Seven Crystal Globe,Tangerine Pictures
2951616,The Demonic Tapes,2017-05-12,2018-03-29 08:37:28.508095
4729642,Fantasma,2017-05-01,2018-03-29 08:37:29.439530,Red Nebula,Controlled Chaos Enterprises,Rough Cut Films (II),V2 Pictures
6797190,Lucky Boy,2017-05-18,2018-03-29 08:37:30.304581
6904340,Sangili Bungili Kadhava Thorae,2017-05-18,2018-03-29 08:37:31.452339,A for Apple Productions,Fox STAR Studios
3284450,Benzin,2017-05-19,2018-03-29 08:37:32.374867,A.B. Films,Cinequanone,Pro Camera Rental,Pro Cinema
7284022,Happy Breakup,2017-05-17,2018-03-29 08:37:50.546929
6920220,Sinsiran: Yasak ask,2017-05-26,2018-03-29 08:37:52.487874,Artistanbul
4458946,The Demon Inside,2017-05-16,2018-03-29 08:37:54.013729,Skeleton Kreek Films
7158378,Falling in Love,2017-05-19,2018-03-29 08:37:54.914087,Core Image Production Company,Datang Movie
4861988,Boxing Day: A Day After Christmas,2017-05-19,2018-03-29 08:37:56.717431,Gifted Gift Studio. Entertainment,Prime International Productions
6221000,Godha,2017-05-19,2018-03-29 08:37:57.818077,E4 Entertainment
4521686,Midnight Macabre,2017-05-02,2018-03-29 08:37:58.826680,MFTD Entertainment
6803946,La defensa del dragon,2017-05-24,2018-03-29 08:37:59.843412,Galaxia 311
7122516,The Fearless One,2017-05-11,2018-03-29 08:38:01.175099,Royal Family Entertainment,Dynomyte Films
6755878,Horse Riders,2017-05-05,2018-03-29 08:38:01.781918,Emperor Production
6245308,Hariken Porimâ,2017-05-13,2018-03-29 08:38:02.692880,Columbia Songs,Fields,Kadokawa,Tatsunoko Production,W Field
6166446,De regreso al colegio,2017-05-21,2018-03-29 08:38:03.738292,Verasur Films
6672238,Pataki,2017-05-26,2018-03-29 08:38:04.473388,S. V. Productions
6090764,Sakurada risetto kouhen,2017-05-13,2018-03-29 08:38:05.494003,Basara Pictures
6185374,Judgement Night,2017-05-06,2018-03-29 08:38:06.434204
6031104,Hanni & Nanni: Mehr als beste Freunde,2017-05-25,2018-03-29 08:38:07.509610,Gesellschaft für feine Filme,UFA Fiction
5111550,Noctem,2017-05-07,2018-03-29 08:38:08.736217,Blues Films,Caribbean Films,IB3 Televisió,Miramar Media Entertaiment,Strange Friends
4461960,Message from a Mistress,2017-05-01,2018-03-29 08:38:09.996645,Double B Entertainment
5849814,Vive la crise,2017-05-10,2018-03-29 08:38:10.613724,Les Films Montaigne
5717184,The Colour of Darkness,2017-05-19,2018-03-29 08:38:12.154284
6210784,Fast and Furriest,2017-05-31,2018-03-29 08:38:13.007857,Fuzzy Films
5816936,The Curse of the Dragon Sword,2017-05-05,2018-03-29 08:38:14.096971,Blue Dragon Films,Running Wild Films
6142778,Little Death,2017-05-01,2018-03-29 08:38:15.148179,@ Productions,Amstad Digital
7642526,Sextasy,2017-05-21,2018-03-29 08:38:16.158684
6620266,Lakshyam,2017-05-06,2018-03-29 08:38:17.204744,JT Films,Vintage Films
6974202,Vaishnavee,2017-05-23,2018-03-29 08:38:18.275172,Sunil T. Films
6932110,Yesa,2017-05-26,2018-03-29 08:38:19.084910
5793082,Niñas Araña,2017-05-18,2018-03-29 08:38:20.411385,Altirosapiens,Plataforma Digital,Usual Producciones
7074258,Come Across Love: Bu Qi Er Yu,2017-05-19,2018-03-29 08:38:22.438017,Lionsgate,TIK Films
7962844,666 Cin Musallati,2017-05-05,2018-03-29 08:38:23.474352,Defin Film
3485938,The Two Dogs,2017-05-02,2018-03-29 08:38:24.641838,Red Shogun Pictures (RSP)
6922786,Her Sey Mumkun,2017-05-19,2018-03-29 08:38:25.646774,Netvizyon Mediapark
2213322,Concealed,2017-05-01,2018-03-29 08:38:27.941719
6825762,Side A Side B,2017-05,2018-03-29 08:38:29.696126
6818094,Ticket Holders or: A Metaphysical Journey Through a Cineast's Brain,2017-05-07,2018-03-29 08:38:30.678507
3551022,Cronus,2017-05-26,2018-03-29 08:38:31.755754,Mnemosyne Productions
6854966,Little Heroes,2017-05-06,2018-03-29 08:38:33.866958,Orinoco Films,Fundación Villa del Cine
6923604,El Caso Watson,2017-05-09,2018-03-29 08:38:36.060518,Lulo Films
5300754,New York Masali,2017-05-19,2018-03-29 08:38:37.326385
6864302,Encontro Silencioso,2017-05,2018-03-29 08:38:37.946378,C.R.I.M.
6879472,Yeidhavan,2017-05-12,2018-03-29 08:38:39.018513,Friends Festival Films
3710938,Alone in the Dead of Night,2017-05,2018-03-29 08:38:40.018148,Beast Mode Pictures
3581900,Broken Angels,2017-05-05,2018-03-29 08:38:40.962670,Alnys Productions,IW Productions,Urban Media Group
5570680,Tsuioku,2017-05-06,2018-03-29 08:38:41.862877,Dig & Fellows,Toho Pictures
4209044,Transient,2017-05,2018-03-29 08:38:42.951729,Illegal Invisible Ignited,Magnolia Matrix
6760704,Brindavanam,2017-05-26,2018-03-29 08:38:43.947885,Vansan Movies
6304994,Dark Patch,2017-05-02,2018-03-29 08:38:45.112261
3025342,The Thirteenth,2017-05-15,2018-03-29 08:38:45.903062,1066 Productions
6912552,Chi Va Chi Sau Ka,2017-05-19,2018-03-29 08:38:48.068128,Zee Studios
4587318,El collar de sal,2017-05-25,2018-03-29 08:38:49.004048,Tiempos Difíciles Films
5813206,Saving Jane,2017-05-05,2018-03-29 08:38:49.461276,Ml Films
5812442,Neurogenesis,2017-05-10,2018-03-29 08:38:50.718151,Caffcy Films
5761064,Dr. Brinks & Dr. Brinks,2017-05-04,2018-03-29 08:38:51.455236,Explosive Bolts Films,Cervidae Films,Salem Street Entertainment
2393937,Refuge,2017-05-02,2018-03-29 08:38:52.826893,Tavoy Films International
6963888,The Crab,2017-05-26,2018-03-29 08:38:54.076720,Koyikkara Cine House
7037156,Bas Belasi,2017-05-05,2018-03-29 08:38:55.143671
7998046,Amar Aponjon,2017-05-26,2018-03-29 08:38:56.103629,Ajosro Entertainment,Sunday Films
6980804,Miraç,2017-05-25,2018-03-29 08:38:56.910854
7131466,Eszter,2017-05-07,2018-03-29 08:38:58.171360,Source Cinema
2604160,Broken Chains,2017-05-10,2018-03-29 08:38:59.275747
6867290,Tea,2017-05-08,2018-03-29 08:39:00.613444
6628312,All Is Foreseen,2017-05-07,2018-03-29 08:39:01.461226
7765232,The Pilgrim's Progress,2017-05,2018-03-29 08:39:02.388856
5137294,1 1/2 Hours,2017-05,2018-03-29 08:39:03.338010
4561402,Loud Places,2017-05-09,2018-03-29 08:39:04.081641,Little Sky Film
6417762,Happy New Year,2017-05-05,2018-03-29 08:39:05.074775,Soumya Films
3950032,"Happy Birthday, Toby Simpson",2017-05-13,2018-03-29 08:39:05.975036,Jellyfish Films
6977434,The Fuzz,2017-05-02,2018-03-29 08:39:06.960791,Indican Pictures
6911418,The Midnight Matinee,2017-05-19,2018-03-29 08:39:07.874990,JD Productions
4967244,Trial and Error,2017-05-17,2018-03-29 08:39:08.895672
6349844,Chinese Remake of What a Wonderful Family!,2017-05-11,2018-03-29 08:39:09.836788,Edko Films,Shanghai Yiyantang Entertainment Co.
7118514,Viraam,2017-05-18,2018-03-29 08:39:10.757715,Hari Mehrotra Productions
6869706,Side A & Side B,2017-05,2018-03-29 08:39:11.372403
7319906,Ballavpur Ki Roopkatha,2017-05-02,2018-03-29 08:39:13.463951,Chhoti Production
6146894,Enga Amma Rani,2017-05-05,2018-03-29 08:39:14.618644,MK Films
3587946,Nino Live,2017-05-26,2018-03-29 08:39:15.500612,Thisara Imbulana Films,Storm Productions
6854250,Your Clock,2017-05,2018-03-29 08:39:16.789850
6975046,Ami Je Ke Tomar,2017-05-19,2018-03-29 08:39:17.792725,ODU Movies,SVF Entertainment (II)
6846750,Zero Point Theory,2017-05-03,2018-03-29 08:39:18.951367
7145972,Kis Kiss Ka Kissa,2017-05-09,2018-03-29 08:39:19.958898,Chhoti Production Company
7266048,The Exceptionals,2017-05-12,2018-03-29 08:39:21.138914,Frozen Vapor Productions,Repo Productions
6897972,Noi eravamo,2017-05-22,2018-03-29 08:39:22.048313,Baires Produzioni,Istituto Luce Cinecittà
6371746,Crisis,2017-05-31,2018-03-29 08:39:22.995362,Praxinoscopio Films,Sincrosonido,Universidad Mayor
4991372,The Park,2017-05-01,2018-03-29 08:39:23.813151,L.A. Beats
6900626,Two Gentlemen of Verona,2017-05-16,2018-03-29 08:39:26.186983
6937646,Saaya,2017-05-12,2018-03-29 08:39:27.022124,Amma Appa Cine Pictures
6425996,The Road Runner,2017-05-04,2018-03-29 08:39:27.920636
6847552,Interrogation Room,2017-05-30,2018-03-29 08:39:28.864084,"Australian Institute for Performing Arts (The),"
6480092,August Lucey,2017-05-11,2018-03-29 08:39:29.745844
7063474,Charlie's Letters,2017-05-18,2018-03-29 08:39:31.401019,Relsah Productions
7683990,Pani Makuluwo,2017-05-04,2018-03-29 08:39:32.269694,Cloud Films
7939558,Single Wives Club,2017-05-10,2018-03-29 08:39:33.208640,TopLine Production & Ent. Co.
5684366,Release from Heaven,2017-05-22,2018-03-29 08:39:34.101534,Eshragh Animation,Stunning Media
6509942,Dasein,2017-05-16,2018-03-29 08:39:35.126469
6330202,Sargoshiyan,2017-05-26,2018-03-29 08:39:36.111661
6819138,Filme B - A Van Assassina,2017-05-20,2018-03-29 08:39:37.490589
6464512,Ein Sommer auf Zypern,2017-05-21,2018-03-29 08:39:38.607592,Ariane Krampe Filmproduktion
6011316,Ang araw sa likod mo,2017-05-24,2018-03-29 08:39:40.148429,Earth Below Productions
6848260,RSC Live: Antony and Cleopatra,2017-05-24,2018-03-29 08:39:41.054054,Royal Shakespeare Company
4106242,The French American,2017-05-20,2018-03-29 08:39:42.009596,Film It Productions
6105934,Rasuto koppu: The Movie,2017-05-03,2018-03-29 08:39:42.946510,Nippon Television Network (NTV)
6164464,Tu Me Manque,2017-05-22,2018-03-29 08:39:43.847487,Rosso Films International
6829016,Friends,2017-05-15,2018-03-29 08:39:45.602437,FRBstudios
5298742,Raymond's 5,2017-05-18,2018-03-29 08:39:46.587326,Hastings Infinity Films
6855798,Enemies,2017-05-16,2018-03-29 08:39:47.438998,Sarke Studio
6230488,"Ninguém Entra, Ninguém Sai",2017-05-04,2018-03-29 08:39:48.200765,Caribe Produções
5863822,Fagyott május,2017-05-05,2018-03-29 08:39:49.077845,Boddah,Otto Films
6985060,Tai bei wu yu,2017-05-19,2018-03-29 08:39:51.883121
6819176,Mutantes do Espaço,2017-05-20,2018-03-29 08:39:52.780949,Medialand
6785324,Co Can Nha Nam Nghe Nang Mua,2017-05-05,2018-03-29 08:39:53.460131,Fortune Projects
6677630,13 Dolls in Darkness,2017-05-30,2018-03-29 08:39:54.231935,Medallion Films Australia,Medallion Films Australia
4995872,The Fates,2017-05-05,2018-03-29 08:39:55.228277,Two Twelve Productions
5840738,"Monserrate, ¿cómo el cerro?",2017-05-01,2018-03-29 08:39:56.262233,Olympusat
2359479,Object Eleven,2017-05-19,2018-03-29 08:39:57.474727,9 Fifteen Entertainment
6819028,Filme B - O Vampiro da Paulista,2017-05-20,2018-03-29 08:39:58.366749,Medialand
5940810,Five Hells for a Thief,2017-05-05,2018-03-29 08:39:59.462616,Altered Stranger Pictures
7252992,First Dance,2017-05-11,2018-03-29 08:40:01.442731,"University of Southern California, School of Cinematic Arts"
5926548,ZOE's SECURITY SERVICE,2017-05-10,2018-03-29 08:40:02.411396,"Proletariat, The"
6646726,Under the Milky Way: The Movie,2017-05-01,2018-03-29 08:40:03.329352,Dunlopedia Productions
4313538,Coma Café,2017-05-17,2018-03-29 08:40:04.267686,Erango Media
5286898,The Enemy,2017-05-05,2018-03-29 08:40:05.326588
5745796,The Barnicott Hangover,2017-05-24,2018-03-29 08:40:06.201506,Martini Boy Films,By the Glass Pictures
6899302,Il mondo di mezzo,2017-05-04,2018-03-29 08:40:07.168004,Red Moon Films
6467562,Careful,2017-05-26,2018-03-29 08:40:08.249746,Wide Angle Creations
6835298,Same Same,2017-05-23,2018-03-29 08:40:09.176096
6984810,Inayathalam,2017-05-19,2018-03-29 08:40:10.367903
8135316,Bloggers,2017-05-11,2018-03-29 08:40:10.938527,Sputnik Creative Films
6891482,Por Onde Escapam As Palavras,2017-05-25,2018-03-29 08:40:12.212855,Timelapse - Media
7304084,Lebuhraya Ke Neraka,2017-05-04,2018-03-29 08:40:13.089838,Grand Brilliance
5368552,Mama wa Nippon e yome ni iccha dame to iukeredo.,2017-05-27,2018-03-29 08:40:15.122012,Duckbill Entertainment
6929608,Keikraan Meikkiran,2017-05-19,2018-03-29 08:40:15.956883,Aswika Creations
7421764,Star Wars: Rise of the First Order,2017-05-24,2018-03-29 08:40:16.970558
6782412,Beyond the Vows,2017-05-27,2018-03-29 08:40:17.951277,Wisdom Productions
6620864,The Avatar Project,2017-05-26,2018-03-29 08:40:18.999091,Media Dab
4659914,Keyla,2017-05-11,2018-03-29 08:40:23.033030,Old Providence School
2164454,Orpheus Rising,2017-05-01,2018-03-29 08:40:23.838455
2937394,The Hit Squad,2017-05-08,2018-03-29 08:40:27.806840,2005 Films
6682834,Pylon,2017-05-22,2018-03-29 08:40:28.887453,Zero Days Films
3826818,Employee of the Year,2017-05-13,2018-03-29 08:40:29.628071
5933516,Sinestesia,2017-05-24,2018-03-29 08:40:30.698911,Arte 7
5862542,Return to Zion Ranch,2017-05-11,2018-03-29 08:40:31.424561,Lone Rider Films,Lone Rider Films
6825472,E se mi comprassi una sedia?,2017-05-11,2018-03-29 08:40:32.224353,Pragma Production
6271858,September Rayne,2017-05-22,2018-03-29 08:40:36.174925
5824684,13 Summers Underwater,2017-05-20,2018-03-29 08:40:37.287987,Luna.W
6525810,Inumukoiri,2017-05-13,2018-03-29 08:40:38.856776
6833460,BB5,2017-05-26,2018-03-29 08:40:39.708506,Shiva Home Talkies
3595744,The Cardinal Rule,2017-05-05,2018-03-29 08:40:40.797747,Seed Time Productions,Seedtime Productions
7993272,20:16,2017-05-18,2018-03-29 08:40:41.581927,China Creative,Shanghai Huada Film Co
3055010,The Locksmith,2017-05-12,2018-03-29 08:40:42.627965,Locksmith productions
7329290,Bhamashah,2017-05-23,2018-03-29 08:40:44.346539,Chhoti Production
6271954,The Midnight Woman,2017-05-11,2018-03-29 08:40:45.189745,Wasp Net Videos
6879250,Shui hu e ren zhuan zhi huang jin qi biao ke,2017-05-02,2018-03-29 08:40:46.130636,Haoshine Pictures,Hechuan Television
6519912,Guided by the Word,2017-05,2018-03-29 08:40:46.827291,Silver Hills Pictures
3499490,Skuggan över Innfyr,2017-05,2018-03-29 08:40:47.783771,Broken Frame Productions,Filmnerden Productions
6915574,Vu em tap su,2017-05-19,2018-03-29 08:40:48.780874,NT Studio
6839328,Mermaid Parade,2017-05-07,2018-03-29 08:40:49.859234
6221660,Area of Conflict,2017-05-04,2018-03-29 08:40:50.916165,LZ Productions MN,Almighty Dog Productions,Sdankas War
7709746,Umbral,2017-05-14,2018-03-29 08:40:51.770917
5935196,The Book of Secrets,2017-05-04,2018-03-29 08:40:52.656279
6914504,Rakshaka Bhatudu,2017-05-12,2018-03-29 08:40:53.646671
6642840,Tone Death,2017-05-27,2018-03-29 08:40:54.369289,Bay Video
5810114,Phil. The Film,2017-05-09,2018-03-29 08:40:55.368445,Mondo Machine
6929280,The Dolls,2017-05-17,2018-03-29 08:40:56.940596,Manny Velazquez Films,Exploitation International Pictures
7611096,667,2017-05-25,2018-03-29 08:40:57.906271,Chuan Pictures
5038806,Infinitium,2017-05-28,2018-03-29 08:40:59.395206,Constantino Filmes
4944240,Dog Days in the Heartland,2017-05,2018-03-29 08:41:00.259607,Middle West Films
6982642,"Dream Journal, May 2016-February 2017",2017-05,2018-03-29 08:41:01.147229
5299890,I Was a Teenage Alien Mutant Cyborg,2017-05-30,2018-03-29 08:41:02.079323,Iron Dragon Media
6876318,Yom men el-Ayyam,2017-05-11,2018-03-29 08:41:03.507798
4955134,Vigor,2017-05-15,2018-03-29 08:41:04.447823,Gov Productions
6061456,Acajou,2017-05-01,2018-03-29 08:41:05.277141,Celluloid Rain Productions
7555230,Hers,2017-05,2018-03-29 08:41:06.030587
6075606,Nymphadelle,2017-05-02,2018-03-29 08:41:06.843577,Revolutionary Pictures
6711464,The Redemption of Vincent Young,2017-05-08,2018-03-29 08:41:07.947962,Wild Dogs Productions
6683350,Desconectados,2017-05-12,2018-03-29 08:41:08.789149,NicIac Pictures
8054496,Rise of the Omen,2017-05-28,2018-03-29 08:41:10.030665,Trinity Productions
6818758,Inocente,2017-05-24,2018-03-29 08:41:11.120038,Neón Producciones
6778706,Jill and Bobby,2017-05-12,2018-03-29 08:41:12.151835
1486556,An Actor's Life (Less Ordinary),2017-05-27,2018-03-29 08:41:13.073875,Blackdog Productions,Walking Sideways Films
7323622,Lebanon Factory,2017-05-24,2018-03-29 08:41:14.033424
6886118,Nane ile Limon: Kayip Zaman Yolcusu,2017-05-12,2018-03-29 08:41:14.781467,Cordoba Animation Studio,Siyahmarti Animation Studios
8016466,Biting Fly,2017-05-25,2018-03-29 08:41:15.621602
4032508,Le bateau ivre,2017-05-03,2018-03-29 08:41:16.658705,Far Ouest Production,Tébéo
6261158,The Last One,2017-05-11,2018-03-29 08:41:17.377921
6851884,Sukkar Barrah,2017-05-04,2018-03-29 08:41:18.207752
8134670,Chuzhaya molitva,2017-05-18,2018-03-29 08:41:18.751680
7408552,La maldita primavera,2017-05-04,2018-03-29 08:41:21.595972,Producciones Inmundas
6951000,Blakitna Suknya,2017-05-31,2018-03-29 08:41:22.369521
5471216,Ódio,2017-05-10,2018-03-29 08:41:23.292560,LCR Imagem Produtora
6999208,Coração Negro,2017-05-06,2018-03-29 08:41:24.386359,Nocturno Films
4886392,Good Times Never Come,2017-05-21,2018-03-29 08:41:25.273938,Macrocosm Productions,LS PRO
6287186,Kimi no manazashi,2017-05-20,2018-03-29 08:41:26.042852,Django Film,New Star Production (II)
6886258,Silk Trees,2017-05-06,2018-03-29 08:41:28.395135
6998762,Lin Shi Yan Yuan,2017-05-27,2018-03-29 08:41:29.373013,Era Films
5684312,Flesh and Blood a Go! Go!,2017-05-31,2018-03-29 08:41:30.535284,Corruption Video,MollyWalsh Video Productions
6834874,H1Z1: A New Beginning,2017-05-01,2018-03-29 08:41:31.360158
4565316,Epleslang,2017-05,2018-03-29 08:41:32.336100,Eldorado Film,Pravda
6011302,Zero City,2017-05-25,2018-03-29 08:41:33.214578
5372612,The Invisible Player,2017-05-18,2018-03-29 08:41:34.045860,Iervolino Entertainment
5278522,King and Pawns,2017-05-01,2018-03-29 08:41:34.820598,Shadow Fox Production
1691339,Serdtse vraga,2017-05-05,2018-03-29 08:41:35.629246,Kaskad Films,Snapshot Films
6356932,Return of the Devil,2017-05,2018-03-29 08:41:36.567046
8005414,Supertramp,2017-05-10,2018-03-29 08:41:37.452407,TapeSlate Productions
5102190,La Contradicta,2017-05-10,2018-03-29 08:41:38.190565,Latino Film Industry
7494166,Geri döndü,2017-05-12,2018-03-29 08:41:39.121910,GSA Film
5923748,Behind the Random Denominator,2017-05-01,2018-03-29 08:41:40.122350,OÜ FilMinistry
2974378,Cuffs & Shield,2017-05-20,2018-03-29 08:41:40.983736,"EMRM Productions, Incorporated"
7044172,Miscreants,2017-05-15,2018-03-29 08:41:41.646303,Passing Planets
6957140,Banna Bannada Baduku,2017-05-19,2018-03-29 08:41:42.492660,Sri Mutthuram Creations Karkala
6540924,The Fuzzy Life,2017-05-16,2018-03-29 08:41:43.338270,Brint McGinley Films
6777414,Violent Love,2017-05,2018-03-29 08:41:47.063434
6412448,Sam,2017-05-10,2018-03-29 08:41:47.773550,Dark Static Productions
6929436,Veera Vamsam,2017-05-19,2018-03-29 08:41:48.743718,Sri Periya Nayagi Amman Films
7164422,The Espadrillo Fortune,2017-05-23,2018-03-29 08:41:49.569768,Bluemerlin Studios
3689340,Impetus: A Decision,2017-05-15,2018-03-29 08:41:50.360107,Acclaim Theatricals
6821738,Red Flag,2017-05-06,2018-03-29 08:41:51.324723,Perfect Pictures,Rammy Galis Films
6922954,Samaychakra - The Time Slot,2017-05-26,2018-03-29 08:41:52.202700
3908004,Toilet Gator,2017-05-16,2018-03-29 08:41:53.669938,Parivision Entertainment
6972950,Something,2017-05-21,2018-03-29 08:41:54.859845
7837592,Seiki no dai jikken: Hatsuden shibire koshi,2017-05-26,2018-03-29 08:41:55.675790,Tantan-sha Company
7249494,Herbalist Doctor Detective,2017-05-25,2018-03-29 08:41:56.434947,ZABA Films
2519360,Bruja,2017-05-30,2018-03-29 08:41:57.189240,Cyberstate of Consciousness
2311532,Inferno d'August Strindberg,2017-05-10,2018-03-29 08:42:01.059325,Kafard Films
6101006,Impeded,2017-05,2018-03-29 08:42:02.031871
6911110,Slow Country,2017-05-19,2018-03-29 08:42:02.762193,Hills Pictures,PTV Productions
6180548,Siostra,2017-05-09,2018-03-29 08:42:03.209469
4550934,Carly & Paolo,2017-05,2018-03-29 08:42:04.234110,Views From The Edge Films
4332342,Durch die Nacht,2017-05-24,2018-03-29 08:42:05.151266,Antagonist Pictures
7509632,The Witch hour: Curse of the ring,2017-05-31,2018-03-29 08:42:06.066421,Diginox Studios
6850640,Cult of the Shadow People,2017-05-01,2018-03-29 08:42:06.738126,Great Lakes Artists Group,INGY Films
5375804,Senti Aur Mental,2017-05,2018-03-29 08:42:07.573069,Harkat Pictures
6151324,The Helsings,2017-05-26,2018-03-29 08:42:08.509926,Applause for a Cause
6882108,So Far Close,2017-05-06,2018-03-29 08:42:09.295436,"11thPower, The"
4945068,Tokyo Deshiberu,2017-05-20,2018-03-29 08:42:10.055503,Funny Pandora,Titan
4706258,Lakota Girls,2017-05-20,2018-03-29 08:42:10.888369
4587582,The Comic Con,2017-05-12,2018-03-29 08:42:11.806005,In The Trenches Entertainment,Super Heumann Productions
6242746,J'pleure pas,2017-05-20,2018-03-29 08:42:12.699500
7837274,"Momoiro e-hon: Itte miyou, yatte miyou!",2017-05-19,2018-03-29 08:42:19.583136,Void Films
7776444,One Too Many,2017-05-12,2018-03-29 08:42:20.162590,Olathe Northwest
6946610,Kapi,2017-05-01,2018-03-29 08:42:20.810288
6751672,Rongu goddobai: Tantei Furui Kurinosuke,2017-05-20,2018-03-29 08:42:21.676536,Japan Sky Way,Kokuei Company
6866948,La Venganza De Los Mendoza,2017-05-01,2018-03-29 08:42:22.811842,Producciones Luis Lomeli,Producciones Victor El Indio Estrada
7249616,Payday,2017-05-29,2018-03-29 08:42:23.695018,David Lussier Productions
6378804,Mia,2017-05-05,2018-03-29 08:42:24.436385,Mia Film
7953946,Early Women Filmmakers,2017-05-04,2018-03-29 08:42:25.263884,"Lobster Films, Paris"
3920294,Deity,2017-05-15,2018-03-29 08:42:26.381116
8013768,Chrysanthemums Time,2017-05-27,2018-03-29 08:42:27.433967
6943908,The Same Circles,2017-05-30,2018-03-29 08:42:28.194848,MarkGarvey.co.uk
8129976,Body Electric,2017-05-05,2018-03-29 08:42:28.907057
7024258,The Church ... A Hospital?,2017-05-07,2018-03-29 08:42:29.925349,A L I Pictures
6444024,A Mother Knows Best (Anthology),2017-05-07,2018-03-29 08:42:30.708388,Chances Are Productions,Thru The Lens Productions
6292630,Honeysuckle Way,2017-05-01,2018-03-29 08:42:31.507994,Mango-a-GoGo Productions
7836096,Final Curtain Part 19: The Night Chicago Die,2017-05-13,2018-03-29 08:42:32.155099,Curtain Call Pictures
6612954,The Dress,2017-05-15,2018-03-29 08:42:32.865648,Rockfield Pictures
7075152,All In,2017-05-18,2018-03-29 08:42:33.910551,MyMake Studios
7945646,El Pais Mas Feliz Del Mundo,2017-05-25,2018-03-29 08:42:34.818471
6845312,Secrets of the Lakes,2017-05,2018-03-29 08:42:36.063168
6440334,Mahabbat pur vice city 2,2017-05-14,2018-03-29 08:42:36.810502
7097448,"Noi, oltre il tramonto",2017-05-20,2018-03-29 08:42:37.762618,DGPhotoArt,PartyChic Events
7414432,Hablar con los Muertos,2017-05-21,2018-03-29 08:42:38.464192,Fiona Studios
3797720,Sora to umi no aida,2017-05-06,2018-03-29 08:42:40.178596
6764776,Palomar,2017-05-09,2018-03-29 08:42:41.009164,Fumar Es Causa Cine
7277142,A Shot of Nectar,2017-05-01,2018-03-29 08:42:41.786871
5740340,Michael: A Journey Within,2017-05-15,2018-03-29 08:42:42.467831
5929896,Tolerance,2017-05-01,2018-03-29 08:42:43.359249,McCall Company
6905480,Chatzone,2017-05-20,2018-03-29 08:42:44.181393
6188988,Anukite,2017-05-16,2018-03-29 08:42:44.853093,Brock TV
6739588,The Winter Project,2017-05-01,2018-03-29 08:42:48.763564,Sterling Productions
8046436,La planta insolente,2017-05-12,2018-03-29 08:42:49.846480,Villa del Cine
6887352,La Divisione Acqui a Cefalonia,2017-05-14,2018-03-29 08:42:50.867815,Ronin Film Production
4920198,En línea,2017-05-04,2018-03-29 08:42:51.661964,ACuCA
7868482,Dans la solitude des champs de coton,2017-05-17,2018-03-29 08:42:52.362082,24 Images
6935034,Beartooth: Live in Columbus,2017-05-25,2018-03-29 08:42:53.127055,Red Bull Records
7494084,Umudun Kiyisinda,2017-05-05,2018-03-29 08:42:54.002053,11 K Film
8120842,Karaar,2017-05-26,2018-03-29 08:42:54.722630,Kreck Entertainment
6509318,The Remainders: Last Stand,2017-05-26,2018-03-29 08:42:55.541860,HollyGoodEntertainment
7436338,The Shit Show,2017-05,2018-03-29 08:42:56.404228
6848470,Sonhar Portukália,2017-05-04,2018-03-29 08:42:57.303230,Fatias de Cá-Mãe
6814150,Move! Dance Your Life,2017-05-10,2018-03-29 08:42:58.226061,Rappi Productions
5892172,Perfect Cadeau,2017-05-01,2018-03-29 08:42:59.028860,MacGyver-Amsterdam
7084638,"Midnight, not Twilight",2017-05,2018-03-29 08:42:59.710563
6382976,Lunchtime: The Movie,2017-05-19,2018-03-29 08:43:00.563186,Pretty Good Films Productions
5533870,Literally,2017-05,2018-03-29 08:43:01.274502,DiTommaso Pictures in Association with Undertow Productions
6863346,Talentos Desconhecidos,2017-05-06,2018-03-29 08:43:02.811970
6704078,Tomoshibi - Chôshi tetsudô 6.4km no kiseki,2017-05-06,2018-03-29 08:43:03.653738,Creek & River Co. Ltd.
7554120,Appunti di un sogno,2017-05-31,2018-03-29 08:43:04.507586,Pentamedia Management,Pentamedia Management
6905948,I Love Pole Dancing,2017-05-18,2018-03-29 08:43:05.836808,Hangzhou Zanmi,Showing9
6857644,Det andra Jerusalem,2017-05-15,2018-03-29 08:43:09.711897,HB PeÅ Holmquist
5606638,El altillo,2017-05-30,2018-03-29 08:43:10.577210,Dyaz Entertainment
6893814,The Lonesome,2017-05-11,2018-03-29 08:43:11.619280
7111558,Ben Deli Degilim,2017-05-01,2018-03-29 08:43:12.408913,Movie Gates Production
6865262,Rides Start at 10:00,2017-05-06,2018-03-29 08:43:13.223503
5373690,Nak-ter-n,2017-05-22,2018-03-29 08:43:17.012533,Rogue Gypsy Films
7824360,Holy Bone,2017-05-25,2018-03-29 08:43:17.728168,Dead White Zombies
8008882,Sophie del Cabaret Dada,2017-05-08,2018-03-29 08:43:18.470899
7125246,Creme Noir,2017-05,2018-03-29 08:43:19.445763
6425730,Amanati,2017-05-10,2018-03-29 08:43:20.170322
7644248,Chiripajas,2017-05,2018-03-29 08:43:21.090820
7951564,Aarambamae Attakasam,2017-05-05,2018-03-29 08:43:22.096945
7758800,Nine Short Films,2017-05-06,2018-03-29 08:43:22.843595,"Estate of Ana Mendieta, The"
6920106,Katre,2017-05-26,2018-03-29 08:43:25.840573,Ayhan Isik Oyunculuk Okulu,Kuyu Yapim
7125060,Gristle's Peak,2017-05,2018-03-29 08:43:26.560511
7246692,Te quiero tanto,2017-05,2018-03-29 08:43:27.235851
6905450,Togoshi Ginza amêjingusu,2017-05-13,2018-03-29 08:43:27.916210
6914162,Ibn Hanbal,2017-05-28,2018-03-29 08:43:28.638884
5108344,The Wedding Train,2017-05,2018-03-29 08:43:29.320896
6902598,Or Something Better,2017-05-11,2018-03-29 08:43:29.880717
7258138,Art,2017-05,2018-03-29 08:43:30.592445
7230244,Variations of Nowhere,2017-05,2018-03-29 08:43:31.380764
6139562,The Abduction of Europa: Taurus Operation,2017-05-18,2018-03-29 08:43:32.091237
7951522,Mathippen,2017-05-19,2018-03-29 08:43:33.093017
8070906,Honky Thunder,2017-05-05,2018-03-29 08:43:33.853464,Ghoul Inc Productions
6650550,Cuatro sombras en el infierno,2017-05-06,2018-03-29 08:43:43.674360
6824862,Thunder Island,2017-05-21,2018-03-29 08:43:44.617392
6942578,The United States of Self-Inflicted,2017-05-26,2018-03-29 08:43:45.361193,Damage on the Stack Productions
6477684,The Meme War,2017-05-19,2018-03-29 08:43:46.184777
6859006,The Other Side of Life,2017-05-14,2018-03-29 08:43:47.178794,Dreamland Film
6909024,Corazón de lechón,2017-05-17,2018-03-29 08:43:48.200961,Gorevision Films
7531754,Discharged,2017-05-10,2018-03-29 08:43:48.887039
6905500,Kimisarazu,2017-05-20,2018-03-29 08:43:49.686082,Production Hanashiro
6848598,Gi aiueosu: Tazan no ishi o motte onore no tama o migakubeshi,2017-05-27,2018-03-29 08:43:50.342109,Yamaguchi Center for Arts and Media
6999602,Meet the Radebes,2017-05-10,2018-03-29 08:43:51.110096,MNET Movies
6418518,That's My Desire,2017-05-01,2018-03-29 08:43:51.936790,Running Wild Films,Devil's Eye Productions,Step By Step Pictures
6969488,Shea hausu,2017-05-20,2018-03-29 08:43:53.329099
4103092,The Session,2017-05,2018-03-29 08:43:54.123479,Fanad Films
6537320,Ang huling yugto ni Juan,2017-05-30,2018-03-29 08:43:54.831826,MStudio Film Production
6905534,Raibu hausu rekuiemu,2017-05-03,2018-03-29 08:43:58.654282
6935068,SamayChakra-Time Slot,2017-05-26,2018-03-29 08:43:59.568555
6905344,The Room of Golgotha,2017-05-14,2018-03-29 08:44:00.328629
6937714,Indira Kobai,2017-05-19,2018-03-29 08:44:01.187146,A Na Ayaum Creations
7174048,Mike the Gamer Funny Compilation,2017-05-08,2018-03-29 08:44:01.850905
6905438,Bureibu wicchîzu: Peteruburugu daisenryaku,2017-05-13,2018-03-29 08:44:05.582251
6768612,Anthology of Horror 5,2017-05-02,2018-03-29 08:44:06.329025,Terra Studio
7090136,Time,2017-05-20,2018-03-29 08:44:07.185966,Dagger Studios
7465476,How To Become Nothing,2017-05-19,2018-03-29 08:44:07.904362
3131342,Place Where Rocks Abound,2017-05-01,2018-03-29 08:44:08.579593
6914242,Royal Opera House Live Cinema Season 2016/17: Madama Butterfly,2017-05-26,2018-03-29 08:44:09.368508
6903858,Echo the Now,2017-05-15,2018-03-29 08:44:10.110625,SNG Film / Studio Nieuwe Gronden
6397796,Kunce Pizza,2017-05-06,2018-03-29 08:44:10.873585,Mugsey Grant Productions
6929580,SamayChakra-Time Slot,2017-05-26,2018-03-29 08:44:11.857557
6692202,Ezekiel Shannonhouse,2017-05-15,2018-03-29 08:44:12.584098,Zues
6994278,Expression the Courage to Heal,2017-05-05,2018-03-29 08:44:13.309269,TK Production
7053772,Chicagoland Shorts Vol. 3,2017-05-30,2018-03-29 08:44:14.071500
6910028,Complitation of Horror,2017-05-13,2018-03-29 08:44:14.977583,Limit Studio,Skill Studio
6905516,Sakura ni naru,2017-05-03,2018-03-29 08:44:15.679453
6932884,Frightmakers 101: Horror Writing with CineDump's Preston Fassel,2017-05-09,2018-03-29 08:44:16.389900,CineDump
6504502,Ghetto Savage Film,2017-05-05,2018-03-29 08:44:17.124243,Star Galaxy Media
6905408,Royal Opera House Live Cinema Season 2016/17: The Sleeping Beauty,2017-05-12,2018-03-29 08:44:17.817773
