2316204,Alien: Covenant,2017-05-19,2018-04-03 20:18:23.762384,Twentieth Century Fox,TSG Entertainment,Scott Free Productions,Brandywine Productions
1469304,Baywatch,2017-05-25,2018-04-03 20:18:24.490423,Paramount Pictures,Uncharted,Shanghai Film Group,Huahua Media,Flynn Picture Company,Fremantle Productions,"Montecito Picture Company, The",Seven Bucks Productions,Skydance Media
1790809,Pirates of the Caribbean: Dead Men Tell No Tales,2017-05-26,2018-04-03 20:18:26.712565,Walt Disney Pictures,Jerry Bruckheimer Films,Infinitum Nihil
5001718,"Everything, Everything",2017-05-19,2018-04-03 20:18:30.547235,Alloy Entertainment,Itaca Films,Metro-Goldwyn-Mayer (MGM)
2334871,Snatched,2017-05-12,2018-04-03 20:18:33.286685,Chernin Entertainment,Feigco Entertainment,Twentieth Century Fox
4758646,War Machine,2017-05-26,2018-04-03 20:18:37.348440,Netflix,Plan B Entertainment
3229488,Boone: The Bounty Hunter,2017-05-09,2018-04-03 20:18:38.600065,Hoplite Entertainment,Killion Street
4218696,The Wall,2017-05-18,2018-04-03 20:18:39.836576,Amazon Studios,Big Indie Pictures,Picrow
6003368,Diary of a Wimpy Kid: The Long Haul,2017-05-19,2018-04-03 20:18:41.184695,Twentieth Century Fox,TSG Entertainment,Base Camp ATl.,Color Force
2090465,Black Butterfly,2017-05-26,2018-04-03 20:18:44.107287,Ambi Pictures,Battleplan Productions,Compadre Entertainment,Notorious Pictures,Paradox Studios
4818168,Mamaboy,2017-05-23,2018-04-03 20:18:45.555135,My Hero Productions
5809020,Handsome: A Netflix Mystery Movie,2017-05-05,2018-04-03 20:18:48.434956,Baral Waley Productions,JZM Films
2957760,Extortion,2017-05-17,2018-04-03 20:18:49.044727,Del Rey Films,Filmmuse Productions,Producer Capital Fund
5843838,Max 2: White House Hero,2017-05-12,2018-04-03 20:18:51.287466,Metro-Goldwyn-Mayer (MGM)
5667516,Black Site Delta,2017-05-05,2018-04-03 20:18:52.148232,Benattar/Thomas Productions,Base Film Productions
5228262,A Happening of Monumental Proportions,2017-05-05,2018-04-03 20:18:53.095883,Albyn Media,Depth of Field
3837842,Birds Like Us,2017-05-05,2018-04-03 20:18:55.056968,Prime Time,Turkish Radio & Television (TRT),Autonomous,Fork Films
5078656,Champion,2017-05-19,2018-04-03 20:18:56.079771,Brannon Pictures
6644286,Space Babes from Outer Space,2017-05-20,2018-04-03 20:18:57.171730,Bandit Motion Pictures
2039380,Star Raiders: The Adventures of Saber Raine,2017-05-08,2018-04-03 20:18:57.853226,Fusion Factory Films
6359962,Giantess Attack,2017-05,2018-04-03 20:18:58.790678
6516590,Cold Zone,2017-05-16,2018-04-03 20:18:59.655157,MarVista Entertainment
6355580,Claw,2017-05-25,2018-04-03 20:19:00.736410,Sterling Entertainment
2926924,Another You,2017-05-15,2018-04-03 20:19:02.416520,Pennsport Media,Sawhorse Productions
7392060,Steelmanville Road,2017-05-04,2018-04-03 20:19:03.247771
4881430,Strip Club Massacre,2017-05-02,2018-04-03 20:19:04.789791,Reel Bloody Films,Top Ticket Productions
6374204,The Killing Pact,2017-05-26,2018-04-03 20:19:06.658015,Silver Peak Productions,Mainstay Productions
5152606,Illicit,2017-05,2018-04-03 20:19:07.236310,New Breed Entertainment
7370018,The Adulterers,2017-05,2018-04-03 20:19:08.170282
6196598,Do You See Me,2017-05-20,2018-04-03 20:19:10.205626,Global Genesis Group
2268018,Neron,2017-05-23,2018-04-03 20:19:11.307114,Applied Art Productions,Cinedigm Entertainment Group
5704704,American Exorcism,2017-05-02,2018-04-03 20:19:11.928360,AZ Film Studios,Marquis Productions,Thriller Films
6765756,Foxtrot,2017-05,2018-04-03 20:19:12.722741
5798330,Two Steps from Hope,2017-05-20,2018-04-03 20:19:16.420572,Gaffer Media
6339230,Deadly Expose,2017-05-01,2018-04-03 20:19:17.370317,Cartel Pictures,The Cartel
4338138,Those Left Behind,2017-05-13,2018-04-03 20:19:19.972301,FilmArts Productions,Nut Bucket Films
3165264,Altered Perception,2017-05-09,2018-04-03 20:19:21.225546,Artigo Indie,Blancbiehn Productions,Small Red Star Productions
5157616,2016,2017-05-05,2018-04-03 20:19:22.205365,ScreenMagic Films,MAN JR Productions
3822630,High Low Forty,2017-05-26,2018-04-03 20:19:23.260030
4319430,Billy the Kid: Showdown in Lincoln County,2017-05-01,2018-04-03 20:19:25.359440,Forbesfilm
4313982,The Evangelist,2017-05-09,2018-04-03 20:19:26.243001,ShutUp Louie Productions,Baffled Entertainment,Beach Point Productions,Diamond Jesus Productions
5678732,Breaking Point,2017-05-11,2018-04-03 20:19:26.821556,Cliffside Productions,Media Max Plus,Victor Film Productions
5848862,Sacrilege,2017-05-02,2018-04-03 20:19:27.370014
4497978,Ice Breaker,2017-05-01,2018-04-03 20:19:28.550692
6077176,Sipur Ahava Eretz-Israeli,2017-05-25,2018-04-03 20:19:29.635274,Hameragel Haboded Films,Israel Film Fund
3146520,The Hills,2017-05-15,2018-04-03 20:19:31.015592,CoCo Ceven Productions,"MSJ Productions, Film & Music",Stix Productions
6295110,Wine Tasting,2017-05-04,2018-04-03 20:19:31.952531,Eros Panhellenios,Wickid Pissa Films
4876096,Avenues,2017-05-06,2018-04-03 20:19:32.949719,Bow and Arrow Entertainment,Jadedbaby
3968088,"Sophie Gold, the Diary of a Gold Digger",2017-05,2018-04-03 20:19:34.311261,Creative Talent Bureau
4729642,Fantasma,2017-05-01,2018-04-03 20:19:35.107944,Red Nebula,Controlled Chaos Enterprises,Rough Cut Films (II),V2 Pictures
2914760,Malibu Road,2017-05-05,2018-04-03 20:19:36.184388,Malibu Road Pictures
3773210,Jonny's Sweet Revenge,2017-05-23,2018-04-03 20:19:36.858281,Buffalo Speedway Film Company,Sweetbreadstudios
5300754,New York Masali,2017-05-19,2018-04-03 20:19:37.468798
5544754,12 Pound Balls,2017-05-16,2018-04-03 20:19:38.591815,Nordic Tundra Entertainment
5633450,"Nowhere, Michigan",2017-05-04,2018-04-03 20:19:40.761192,BVB Films
6807472,Jimmy the Saint,2017-05-03,2018-04-03 20:19:41.551169,Notorious Possum,Stanley Street Films
7122516,The Fearless One,2017-05-11,2018-04-03 20:19:43.057602,Royal Family Entertainment,Dynomyte Films
4209044,Transient,2017-05,2018-04-03 20:19:43.922588,Illegal Invisible Ignited,Magnolia Matrix
4461960,Message from a Mistress,2017-05-01,2018-04-03 20:19:46.083790,Double B Entertainment
4458946,The Demon Inside,2017-05-16,2018-04-03 20:19:47.033831,Skeleton Kreek Films
4861988,Boxing Day: A Day After Christmas,2017-05-19,2018-04-03 20:19:49.066004,Gifted Gift Studio. Entertainment,Prime International Productions
3485938,The Two Dogs,2017-05-02,2018-04-03 20:19:50.361396,Red Shogun Pictures (RSP)
4521686,Midnight Macabre,2017-05-02,2018-04-03 20:19:51.446494,MFTD Entertainment
3551022,Cronus,2017-05-26,2018-04-03 20:19:52.500435,Mnemosyne Productions
2393937,Refuge,2017-05-02,2018-04-03 20:19:53.929827,Tavoy Films International
3581900,Broken Angels,2017-05-05,2018-04-03 20:19:54.968602,Alnys Productions,IW Productions,Urban Media Group
6847552,Interrogation Room,2017-05-30,2018-04-03 20:19:55.775561,"Australian Institute for Performing Arts (The),"
5816936,The Curse of the Dragon Sword,2017-05-05,2018-04-03 20:19:57.007382,Blue Dragon Films,Running Wild Films
6977434,The Fuzz,2017-05-02,2018-04-03 20:19:57.812473,Indican Pictures
3710938,Alone in the Dead of Night,2017-05,2018-04-03 20:19:58.718333,Beast Mode Pictures
7421764,Star Wars: Rise of the First Order,2017-05-24,2018-04-03 20:19:59.852397
4561402,Loud Places,2017-05-09,2018-04-03 20:20:00.740313,Little Sky Film
6628312,All Is Foreseen,2017-05-07,2018-04-03 20:20:01.592757
5761064,Dr. Brinks & Dr. Brinks,2017-05-04,2018-04-03 20:20:02.426254,Explosive Bolts Films,Cervidae Films,Salem Street Entertainment
6911418,The Midnight Matinee,2017-05-19,2018-04-03 20:20:03.247407,JD Productions
7131466,Eszter,2017-05-07,2018-04-03 20:20:04.304601,Source Cinema
7765232,The Pilgrim's Progress,2017-05,2018-04-03 20:20:04.940245
3595744,The Cardinal Rule,2017-05-05,2018-04-03 20:20:07.086279,Seed Time Productions,Seedtime Productions
6425996,The Road Runner,2017-05-04,2018-04-03 20:20:07.912372
7939558,Single Wives Club,2017-05-10,2018-04-03 20:20:11.102271,TopLine Production & Ent. Co.
4991372,The Park,2017-05-01,2018-04-03 20:20:12.000007,L.A. Beats
4955134,Vigor,2017-05-15,2018-04-03 20:20:13.064604,Gov Productions
6900626,Two Gentlemen of Verona,2017-05-16,2018-04-03 20:20:14.085772
7266048,The Exceptionals,2017-05-12,2018-04-03 20:20:15.097589,Frozen Vapor Productions,Repo Productions
5299890,I Was a Teenage Alien Mutant Cyborg,2017-05-30,2018-04-03 20:20:16.051471,Iron Dragon Media
6412448,Sam,2017-05-10,2018-04-03 20:20:16.817601,Dark Static Productions
2604160,Broken Chains,2017-05-10,2018-04-03 20:20:17.870970
6480092,August Lucey,2017-05-11,2018-04-03 20:20:18.620924
4106242,The French American,2017-05-20,2018-04-03 20:20:21.857238,Film It Productions
5862542,Return to Zion Ranch,2017-05-11,2018-04-03 20:20:22.846170,Lone Rider Films,Lone Rider Films
2359479,Object Eleven,2017-05-19,2018-04-03 20:20:23.655027,9 Fifteen Entertainment
6829016,Friends,2017-05-15,2018-04-03 20:20:24.502882,FRBstudios
6778706,Jill and Bobby,2017-05-12,2018-04-03 20:20:25.630315
6846750,Zero Point Theory,2017-05-03,2018-04-03 20:20:26.664060
6221660,Area of Conflict,2017-05-04,2018-04-03 20:20:28.347124,LZ Productions MN,Almighty Dog Productions,Sdankas War
4886392,Good Times Never Come,2017-05-21,2018-04-03 20:20:29.411391,Macrocosm Productions,LS PRO
6011302,Zero City,2017-05-25,2018-04-03 20:20:30.335902
3826818,Employee of the Year,2017-05-13,2018-04-03 20:20:32.008321
3055010,The Locksmith,2017-05-12,2018-04-03 20:20:33.160308,Locksmith productions
5840738,"Monserrate, ¿cómo el cerro?",2017-05-01,2018-04-03 20:20:33.987888,Olympusat
7953946,Early Women Filmmakers,2017-05-04,2018-04-03 20:20:34.886387,"Lobster Films, Paris"
6271954,The Midnight Woman,2017-05-11,2018-04-03 20:20:35.622670,Wasp Net Videos
5810114,Phil. The Film,2017-05-09,2018-04-03 20:20:36.270529,Mondo Machine
4995872,The Fates,2017-05-05,2018-04-03 20:20:37.579437,Two Twelve Productions
6711464,The Redemption of Vincent Young,2017-05-08,2018-04-03 20:20:38.476010,Wild Dogs Productions
6929280,The Dolls,2017-05-17,2018-04-03 20:20:39.602819,Manny Velazquez Films,Exploitation International Pictures
2519360,Bruja,2017-05-30,2018-04-03 20:20:40.220993,Cyberstate of Consciousness
5684312,Flesh and Blood a Go! Go!,2017-05-31,2018-04-03 20:20:41.235143,Corruption Video,MollyWalsh Video Productions
6519912,Guided by the Word,2017-05,2018-04-03 20:20:41.975680,Silver Hills Pictures
3908004,Toilet Gator,2017-05-16,2018-04-03 20:20:43.112329,Parivision Entertainment
6356932,Return of the Devil,2017-05,2018-04-03 20:20:44.204616
6151324,The Helsings,2017-05-26,2018-04-03 20:20:45.138739,Applause for a Cause
6061456,Acajou,2017-05-01,2018-04-03 20:20:46.009711,Celluloid Rain Productions
7044172,Miscreants,2017-05-15,2018-04-03 20:20:46.853255,Passing Planets
8129976,Body Electric,2017-05-05,2018-04-03 20:20:47.553102
6839328,Mermaid Parade,2017-05-07,2018-04-03 20:20:48.737866
7024258,The Church ... A Hospital?,2017-05-07,2018-04-03 20:20:49.660816,A L I Pictures
6271858,September Rayne,2017-05-22,2018-04-03 20:20:50.402447
5935196,The Book of Secrets,2017-05-04,2018-04-03 20:20:51.181301
7776444,One Too Many,2017-05-12,2018-04-03 20:20:51.992993,Olathe Northwest
7836096,Final Curtain Part 19: The Night Chicago Die,2017-05-13,2018-04-03 20:20:52.808448,Curtain Call Pictures
4944240,Dog Days in the Heartland,2017-05,2018-04-03 20:20:53.895134,Middle West Films
7414432,Hablar con los Muertos,2017-05-21,2018-04-03 20:20:54.678992,Fiona Studios
6692202,Ezekiel Shannonhouse,2017-05-15,2018-04-03 20:20:55.392888,Zues
4103092,The Session,2017-05,2018-04-03 20:20:56.152083,Fanad Films
6865262,Rides Start at 10:00,2017-05-06,2018-04-03 20:20:56.997158
5740340,Michael: A Journey Within,2017-05-15,2018-04-03 20:20:57.708397
8005414,Supertramp,2017-05-10,2018-04-03 20:20:58.803984,TapeSlate Productions
5745796,The Barnicott Hangover,2017-05-24,2018-04-03 20:20:59.497746,Martini Boy Films,By the Glass Pictures
6932884,Frightmakers 101: Horror Writing with CineDump's Preston Fassel,2017-05-09,2018-04-03 20:21:00.294629,CineDump
6850640,Cult of the Shadow People,2017-05-01,2018-04-03 20:21:01.097366,Great Lakes Artists Group,INGY Films
5929896,Tolerance,2017-05-01,2018-04-03 20:21:01.933344,McCall Company
6893814,The Lonesome,2017-05-11,2018-04-03 20:21:03.547210
7531754,Discharged,2017-05-10,2018-04-03 20:21:04.311564
6886258,Silk Trees,2017-05-06,2018-04-03 20:21:05.234639
7277142,A Shot of Nectar,2017-05-01,2018-04-03 20:21:06.073832
6540924,The Fuzzy Life,2017-05-16,2018-04-03 20:21:06.904621,Brint McGinley Films
4706258,Lakota Girls,2017-05-20,2018-04-03 20:21:07.915209
7246692,Te quiero tanto,2017-05,2018-04-03 20:21:08.628787
7075152,All In,2017-05-18,2018-04-03 20:21:09.734003,MyMake Studios
7053772,Chicagoland Shorts Vol. 3,2017-05-30,2018-04-03 20:21:10.408627
7252992,First Dance,2017-05-11,2018-04-03 20:21:11.231000,"University of Southern California, School of Cinematic Arts"
5533870,Literally,2017-05,2018-04-03 20:21:11.894963,DiTommaso Pictures in Association with Undertow Productions
2974378,Cuffs & Shield,2017-05-20,2018-04-03 20:21:12.863976,"EMRM Productions, Incorporated"
5373690,Nak-ter-n,2017-05-22,2018-04-03 20:21:13.718043,Rogue Gypsy Films
6782412,Beyond the Vows,2017-05-27,2018-04-03 20:21:14.540237,Wisdom Productions
6942578,The United States of Self-Inflicted,2017-05-26,2018-04-03 20:21:15.355740,Damage on the Stack Productions
7824360,Holy Bone,2017-05-25,2018-04-03 20:21:16.223006,Dead White Zombies
8070906,Honky Thunder,2017-05-05,2018-04-03 20:21:16.959625,Ghoul Inc Productions
6824862,Thunder Island,2017-05-21,2018-04-03 20:21:17.754253
7758800,Nine Short Films,2017-05-06,2018-04-03 20:21:18.517692,"Estate of Ana Mendieta, The"
6418518,That's My Desire,2017-05-01,2018-04-03 20:21:19.251313,Running Wild Films,Devil's Eye Productions,Step By Step Pictures
6509318,The Remainders: Last Stand,2017-05-26,2018-04-03 20:21:20.031539,HollyGoodEntertainment
3131342,Place Where Rocks Abound,2017-05-01,2018-04-03 20:21:20.832549
6946610,Kapi,2017-05-01,2018-04-03 20:21:21.451070
6902598,Or Something Better,2017-05-11,2018-04-03 20:21:22.271921
6935034,Beartooth: Live in Columbus,2017-05-25,2018-04-03 20:21:23.230792,Red Bull Records
4587582,The Comic Con,2017-05-12,2018-04-03 20:21:24.136158,In The Trenches Entertainment,Super Heumann Productions
7230244,Variations of Nowhere,2017-05,2018-04-03 20:21:25.692164
7436338,The Shit Show,2017-05,2018-04-03 20:21:26.433836
3689340,Impetus: A Decision,2017-05-15,2018-04-03 20:21:27.325704,Acclaim Theatricals
6882108,So Far Close,2017-05-06,2018-04-03 20:21:28.163607,"11thPower, The"
6444024,A Mother Knows Best (Anthology),2017-05-07,2018-04-03 20:21:29.020354,Chances Are Productions,Thru The Lens Productions
7258138,Art,2017-05,2018-04-03 20:21:29.631665
7174048,Mike the Gamer Funny Compilation,2017-05-08,2018-04-03 20:21:30.318639
